Type,FirstDownload,LastDownload,FirstUpload,LastUpload,AbsoluteGrowthDownload,AbsoluteGrowthUpload,PercentGrowthDownload,PercentGrowthUpload,Years,CAGRDownload,CAGRUpload
Fixed,5.93,84.8,3.24,85.27,78.87,82.03,1330.0168634064082,2531.79012345679,6.420260095824777,51.339533730088775,66.42324063467231
Cellular,20.85,69.82,8.5,19.36,48.96999999999999,10.86,234.86810551558744,127.76470588235294,6.420260095824777,20.712634753882632,13.679194672662188
