Variable,Intercept,Time_Coef,Level_Change,Slope_Change,Level_Change_SE,Slope_Change_SE,Level_Change_P,Slope_Change_P,R_Squared,Adj_R_Squared,DW_Stat,DW_P
DownloadSpeed,6.395871212121201,0.2700467914438505,-9.091455733808676,1.3159163179105633,3.8984784726401647,0.1759495332529331,0.02242149788233948,1.245586889955987e-10,0.9277266187001401,0.9247966167555511,0.1149403051670671,8.638389552580617e-44
UploadSpeed,5.298977272727273,0.35877673796791437,-9.395922756981577,1.1853576493838642,3.9547038312080875,0.18134057586656488,0.020096579193210215,7.09309909374497e-9,0.9226509107399722,0.9195151368510521,0.13107072656362037,3.297591324714638e-41
