Treated,Post,N,Mean_Download,Mean_Upload
0,0,64,32.57390625,10.115625
0,1,14,61.10642857142857,16.85
1,0,64,19.6571875,20.279375
1,1,14,73.26357142857142,73.20428571428572
