term,ATT,SE,P_Value,Variable,CI_Lower,CI_Upper,PreTrends_P
Treated:Post,25.0738616071428,3.6389814056330807,1.3856976367487057e-10,DownloadSpeed,17.94145805210196,32.20626516218364,0.015057384459637967
