term,ATT,SE,P_Value,Variable,CI_Lower,CI_Upper
Treated:Post,25.0738616071428,1.1750172159769251e-14,0,DownloadSpeed,25.073861607142778,25.07386160714282
