Period,Fixed_Mean,Cellular_Mean,Difference
Pre,19.6571875,32.57390625,-12.916718750000001
Post,73.26357142857142,61.10642857142857,12.157142857142851
