Type,Metric,Slope,Intercept,RSquared,PValue,MonthlyIncrease
Fixed,Download,0.9202816171170606,-7.0722777222777475,0.8080035983520324,5.891448175193363e-29,0.9202816171170606
Fixed,Upload,0.9218424613361323,-6.634059274059285,0.8199914657610176,5.048049660586517e-30,0.9218424613361323
Cellular,Download,0.5901435273587174,14.384458874458858,0.9108001383969798,1.2407617020276448e-41,0.5901435273587174
Cellular,Upload,0.11581001277203817,6.749863469863466,0.7049995506928503,7.708533757344728e-22,0.11581001277203817
